post_name,post_slug,post_title,post_meta,h1_count,h2_count,h3_count,internal_links_outgoing,internal_links_incoming,external_links,title_length,meta_length
best-friend-quotes-for-captions,best-friend-quotes-for-captions,150 Best Friend Quotes for Social Captions: The Ultimate Collection,"Discover the perfect best friend quotes for your social media captions. From funny and sweet to meaningful and aesthetic, find the right words for your bestie.",0,8,0,4,3,3,67,159
bold-quotes-about-bravery,bold-quotes-about-bravery,150 Bold Quotes About Bravery to Face Your Fears,Discover 150 bold quotes about bravery that will inspire you to face your fears and take risks. These powerful words of courage will help you stay strong and move forward.,0,7,0,5,2,5,48,171
breakup-quotes-to-help-you-heal,breakup-quotes-to-help-you-heal,150 Breakup Quotes to Help You Heal and Move On,"Discover 150 powerful breakup quotes to help you navigate heartbreak, find the strength to let go, and embrace the journey of healing and new beginnings.",0,8,0,4,1,3,47,153
clever-quotes-for-social-captions,clever-quotes-for-social-captions,150 Clever Quotes for Social Captions to Boost Engagement,"Elevate your social media with 150 clever captions. From witty one-liners to deep thoughts, find the perfect words to stop the scroll and boost engagement.",0,7,0,5,1,3,57,155
confidence-quotes-to-believe-in-yourself,confidence-quotes-to-believe-in-yourself,150 Confidence Quotes to Believe in Yourself,Discover 150 powerful confidence quotes to boost your self-belief and overcome doubt. Perfect for finding the inner strength to achieve your dreams.,0,7,0,4,8,3,44,148
courage-quotes-to-face-your-fears,courage-quotes-to-face-your-fears,150 Courage Quotes to Face Your Fears,"Discover 150 powerful courage quotes to help you face your fears and find inner strength. From Maya Angelou to Nelson Mandela, these words will inspire bravery.",0,7,0,4,7,3,37,160
discipline-quotes-to-stay-consistent,discipline-quotes-to-stay-consistent,150 Discipline Quotes to Stay Consistent and Win,"Discover 150 powerful discipline quotes that will help you stay consistent, build better habits, and achieve your goals through the power of self-control and determination.",0,8,0,4,29,5,48,172
family-quotes-about-love-and-togetherness,family-quotes-about-love-and-togetherness,150 Family Quotes About Love and Togetherness,"Discover 150 heartwarming family quotes about love and togetherness. From short sayings to deep wisdom, find the perfect words to celebrate your family bonds.",0,7,0,4,10,3,45,158
focus-quotes-to-eliminate-distractions,focus-quotes-to-eliminate-distractions,150 Focus Quotes to Eliminate Distractions,Discover 150 powerful focus quotes to help you eliminate distractions and achieve your goals. Perfect for when you need to concentrate and get things done.,0,9,0,3,8,3,42,155
friendship-quotes-about-support,friendship-quotes-about-support,150 Friendship Quotes About Support and Care to Lift a Friend's Spirit,"Discover 150 powerful friendship quotes about support and care. Perfect for reminding your best friends that you're always there for them, no matter what.",0,7,0,3,3,3,70,154
friendship-quotes-for-best-friends,friendship-quotes-for-best-friends,150 Friendship Quotes to Celebrate Your Best Friends,"Discover 150 powerful friendship quotes that celebrate the bond between best friends. From deep connections to lifelong support, find the perfect words here.",0,10,0,7,11,3,52,157
friendship-quotes-for-hard-times,friendship-quotes-for-hard-times,150 Friendship Quotes for Hard Times to Support Your Friends,"Discover 150+ powerful friendship quotes for hard times. These words of support, loyalty, and encouragement will help you be there for your friends when they need you most.",0,7,0,5,2,3,60,172
funny-friendship-quotes,funny-friendship-quotes,150 Funny Friendship Quotes That Make You Laugh,"Discover 150 hilarious funny friendship quotes that celebrate the beautiful, chaotic, and witty side of true friendship. Perfect for best friends and social captions.",0,10,0,4,5,4,47,166
funny-love-quotes-for-couples,funny-love-quotes-for-couples,150 Funny Love Quotes for Couples to Keep the Spark Alive,"Discover 150 funny love quotes for couples that capture the humor, quirks, and joy of being together. Perfect for keeping your relationship light and fun.",0,10,0,5,1,3,57,154
funny-quotes-to-make-you-laugh,funny-quotes-to-make-you-laugh,150 Funny Quotes to Make You Laugh Out Loud,"Need a good chuckle? Explore 150 hilarious funny quotes about life, work, relationships, and the absurdities of being human. Guaranteed to brighten your day!",0,7,0,5,7,3,43,157
funny-work-quotes,funny-work-quotes,150 Funny Work Quotes to Brighten Your Office Grind,"Inject some humor into your workday with 150 funny work quotes about Mondays, meetings, and office life. Perfect for office laughs and workplace sanity.",0,9,0,8,3,3,51,152
goal-setting-quotes-to-achieve,goal-setting-quotes-to-achieve,150 Goal-Setting Quotes to Plan and Achieve,"Discover 150 powerful goal-setting quotes to help you plan, focus, and turn your dreams into reality. Perfect for staying motivated on your journey to success.",0,9,0,5,6,3,43,159
gratitude-quotes-for-hard-times,gratitude-quotes-for-hard-times,150 Gratitude Quotes for Hard Times: Finding Light in the Dark,"Discover 150 powerful gratitude quotes for hard times to help you find strength, perspective, and hope during life's most challenging moments.",0,7,0,4,1,3,62,142
gratitude-quotes-for-journaling,gratitude-quotes-for-journaling,150 Gratitude Quotes for Journaling to Transform Your Life,"Discover 150 powerful gratitude quotes for journaling. Cultivate mindfulness, joy, and a positive mindset with these inspiring words for your daily writing practice.",0,10,0,4,1,4,58,165
gratitude-quotes-to-appreciate-life,gratitude-quotes-to-appreciate-life,150 Gratitude Quotes to Appreciate Life,"Discover 150 powerful gratitude quotes to remind you of life's blessings. Perfect for finding peace, joy, and appreciation in every moment.",0,10,0,4,7,4,39,139
growth-mindset-quotes-for-success,growth-mindset-quotes-for-success,150 Growth Mindset Quotes for Long-Term Success,"Discover 150 growth mindset quotes from Carol Dweck and other visionaries that will transform how you view challenges, learning, and your own potential for success.",0,8,0,5,18,3,47,164
happiness-quotes-to-brighten-your-day,happiness-quotes-to-brighten-your-day,150 Happiness Quotes to Brighten Your Day and Lift Your Spirit,"Discover 150 powerful happiness quotes to boost your mood and find joy in the simple things. Uplifting sayings from philosophers, authors, and world leaders.",0,11,0,8,15,3,62,157
hard-work-quotes-that-push-you-forward,hard-work-quotes-that-push-you-forward,150 Hard Work Quotes That Actually Push You Forward,Discover 150 hard work quotes that will motivate you to put in the effort required for success. These powerful words about diligence and persistence will keep you grinding toward your goals.,0,8,0,4,13,5,51,190
inspirational-quotes-about-change-and-growth,inspirational-quotes-about-change-and-growth,150 Quotes About Change and Growth to Transform Your Life,Embrace transformation with 150 inspirational quotes about change and growth. Discover powerful wisdom to help you navigate life's transitions and evolve into your best self.,0,8,0,5,10,3,57,174
inspirational-quotes-about-hope-and-faith,inspirational-quotes-about-hope-and-faith,150 Inspirational Quotes About Hope and Faith to Carry You Through,"Discover 150 powerful quotes about hope and faith to find strength, resilience, and inner peace during difficult times. Timeless wisdom for every journey.",0,7,0,5,3,5,66,154
inspirational-quotes-about-kindness,inspirational-quotes-about-kindness,150 Inspirational Quotes About Kindness to Brighten Your Day,150 powerful quotes about kindness to remind you of the impact of simple gestures. Find daily inspiration and spread positivity with these words of wisdom.,0,10,0,4,8,3,60,155
inspirational-quotes-for-difficult-days,inspirational-quotes-for-difficult-days,150 Inspirational Quotes for Difficult Days,Discover 150 inspirational quotes for difficult days to help you find strength and resilience. These powerful words will guide you through life's toughest moments.,0,7,0,5,16,3,43,163
inspirational-quotes-for-new-beginnings,inspirational-quotes-for-new-beginnings,150 Inspirational Quotes for New Beginnings,Discover 150 powerful quotes for new beginnings to inspire your fresh start. Find the courage to let go and step into your next chapter with hope.,0,7,0,4,5,3,43,146
inspirational-quotes-for-students,inspirational-quotes-for-students,150 Quotes for Students and Learners to Stay Motivated,150 powerful quotes for students and learners. Overcome exam stress and find your passion for learning with these motivational words of wisdom.,0,7,0,3,1,3,54,143
inspirational-quotes-for-women,inspirational-quotes-for-women,150 Inspirational Quotes for Women to Feel Strong,"Discover 150 powerful inspirational quotes for women that build strength, confidence, and resilience. Perfect for finding your voice and owning your power.",0,10,0,7,1,3,49,155
inspirational-quotes-to-keep-you-going,inspirational-quotes-to-keep-you-going,150 Inspirational Quotes to Keep You Going When You Want to Give Up,"Discover 150 powerful inspirational quotes to keep you going. These motivational words will help you stay strong, move forward, and never give up on your goals.",0,10,0,4,3,4,67,160
inspirational-quotes-to-lift-your-spirit,inspirational-quotes-to-lift-your-spirit,150 Inspirational Quotes to Lift Your Spirit When You Need It Most,Discover 150 powerful inspirational quotes to lift your spirit and find hope. Perfect for tough days when you need a reminder of your inner strength and light.,0,10,0,5,11,4,66,159
joy-quotes-that-spread-positivity,joy-quotes-that-spread-positivity,150 Joy Quotes That Spread Positivity and Lift Your Spirit,Discover 150 powerful joy quotes to lift your spirit and spread positivity. Perfect for finding happiness in small things and sharing light with others.,0,7,0,4,8,5,58,152
letting-go-and-moving-on,letting-go-and-moving-on,150 Quotes About Letting Go and Moving On to Find Your Peace,"Discover 150 powerful quotes about letting go and moving on. Find the strength to release the past, heal your heart, and embrace a brighter new beginning.",0,11,0,4,7,3,60,154
letting-go-and-peace,letting-go-and-peace,150 Quotes About Letting Go and Peace to Find Your Inner Calm,"Discover 150 powerful quotes about letting go and finding peace. Learn how to release the past, forgive, and embrace a life of emotional freedom and serenity.",0,7,0,4,1,3,61,158
life-quotes-that-teach-wisdom,life-quotes-that-teach-wisdom,150 Life Quotes That Teach Real Wisdom,"Discover 150 powerful life quotes that teach real wisdom. From ancient philosophers to modern thinkers, find the inspiration you need to live well.",0,8,0,5,12,3,38,147
long-distance-love-quotes,long-distance-love-quotes,150 Quotes About Long-Distance Love to Bridge the Miles,Discover 150 powerful long-distance love quotes to keep your connection strong. From romantic missing you messages to wise words on persistence and trust.,0,7,0,8,1,4,55,154
love-quotes-for-couples,love-quotes-for-couples,150 Love Quotes for Couples to Strengthen Your Bond,"Discover 150 heartfelt love quotes for couples and partners. From romantic whispers to deep wisdom on partnership, these words will inspire your journey together.",0,9,0,8,10,3,51,162
meditation-quotes-for-daily-practice,meditation-quotes-for-daily-practice,150 Meditation Quotes for Daily Practice and Inner Calm,"Discover 150 powerful meditation quotes to deepen your daily practice. From Zen masters to modern teachers, find the words you need for peace and clarity.",0,10,0,4,4,4,55,154
mindfulness-quotes-for-calm-and-clarity,mindfulness-quotes-for-calm-and-clarity,150 Mindfulness Quotes for Calm and Clarity,"Discover 150 powerful mindfulness quotes to find inner peace, reduce stress, and live in the present moment. Perfect for daily inspiration and mental clarity.",0,7,0,5,11,5,43,158
motivational-success-quotes,motivational-success-quotes,150 Motivational Success Quotes to Fuel Your Goals,"Discover 150 powerful motivational success quotes from visionaries, entrepreneurs, and achievers. Get inspired to fuel your goals and achieve the success you deserve.",0,9,0,6,23,3,50,166
peace-quotes-to-quiet-the-mind,peace-quotes-to-quiet-the-mind,150 Peace Quotes to Quiet the Mind and Find Inner Serenity,"Discover 150 powerful peace quotes to calm your mind, reduce stress, and find inner serenity. Perfect for moments when you need to quiet the noise and refocus.",0,11,0,6,8,4,58,159
perseverance-quotes-for-tough-times,perseverance-quotes-for-tough-times,150 Perseverance Quotes for Tough Times,Discover 150 perseverance quotes that will help you push through life's toughest challenges. These powerful words about resilience and determination will keep you going when quitting feels easier.,0,9,0,8,29,3,39,196
positive-inspirational-quotes-for-mornings,positive-inspirational-quotes-for-mornings,150 Positive Inspirational Quotes for Every Morning,Start your day with these 150 positive inspirational quotes designed to energize your mind and spirit. Find the perfect words to make every morning a success.,0,8,0,7,14,3,51,158
quotes-about-appreciation-and-thanks,quotes-about-appreciation-and-thanks,150 Quotes About Appreciation and Thanks to Lift Your Spirit,"Discover 150 powerful quotes about appreciation and thanks. From professional recognition to deep gratitude for loved ones, these words will help you express your thanks.",0,10,0,5,1,3,60,170
quotes-about-appreciation-at-work,quotes-about-appreciation-at-work,150 Quotes About Appreciation at Work to Boost Morale,"Discover 150 powerful quotes about appreciation at work to inspire your team, recognize hard work, and build a culture of gratitude in your office.",0,7,0,7,1,7,53,147
quotes-about-being-thankful,quotes-about-being-thankful,150 Quotes About Being Thankful to Appreciate Life,"Discover 150 powerful quotes about being thankful that will help you appreciate every moment. From short sayings to deep wisdom, find the perfect words of gratitude.",0,11,0,3,1,3,50,165
quotes-about-breathing-and-calm,quotes-about-breathing-and-calm,150 Quotes About Breathing and Calm to Find Your Inner Peace,Discover 150 powerful quotes about breathing and calm. Learn how conscious breathing can transform your stress into serenity and anchor you in the present moment.,0,7,0,5,1,3,60,162
quotes-about-choices-and-consequences,quotes-about-choices-and-consequences,150 Quotes About Choices and Consequences to Shape Your Future,Discover 150 powerful quotes about choices and consequences. Learn how your decisions shape your destiny and find the inspiration to make wise choices today.,0,10,0,6,3,3,62,157
quotes-about-choosing-happiness,quotes-about-choosing-happiness,150 Quotes About Choosing Happiness for Daily Inspiration,"Discover 150 powerful quotes about choosing happiness. Learn how to make the decision to be joyful every day, regardless of your circumstances.",0,10,0,3,3,3,57,143
quotes-about-comedy-and-life,quotes-about-comedy-and-life,150 Quotes About Comedy and Life to Keep You Laughing,"Discover the best quotes about comedy and life. From stand-up wisdom to classic wit, these 150+ quotes explore how humor helps us navigate the human experience.",0,8,0,6,1,3,53,160
quotes-about-family-memories,quotes-about-family-memories,150 Quotes About Family Memories to Cherish Forever,"Discover 150 powerful quotes about family memories that celebrate childhood nostalgia, shared moments, and the bonds that last a lifetime.",0,11,0,6,1,4,51,138
quotes-about-family-support,quotes-about-family-support,150 Heartwarming Quotes About Family Support and Strength,Discover 150 powerful quotes about family support. These inspirational sayings remind us of the strength and comfort found in our closest bonds during tough times.,0,7,0,6,1,3,57,163
quotes-about-family-traditions,quotes-about-family-traditions,150 Heartwarming Quotes About Family Traditions to Build Lasting Bonds,"Discover 150 powerful quotes about family traditions that celebrate heritage, love, and the rituals that bind generations together.",0,7,0,3,2,3,70,131
quotes-about-family-unity,quotes-about-family-unity,150 Quotes About Family Unity to Strengthen Your Bonds,"Discover 150 powerful quotes about family unity and strength. From short sayings to deep wisdom, find the inspiration you need to keep your family together and strong.",0,7,0,4,1,3,54,167
quotes-about-finding-joy,quotes-about-finding-joy,150 Quotes About Finding Joy in Small Things and Simple Pleasures,Discover 150 inspiring quotes about finding joy in small things and simple pleasures. Learn how to appreciate the little moments that make life beautiful.,0,8,0,3,8,4,65,154
quotes-about-friendship-and-trust,quotes-about-friendship-and-trust,150 Quotes About Friendship and Trust to Strengthen Your Bonds,"Discover 150 powerful quotes about friendship and trust. Explore wisdom on loyalty, honesty, and rebuilding trust in your most important relationships.",0,7,0,3,3,3,62,151
quotes-about-grandparents-and-legacy,quotes-about-grandparents-and-legacy,150 Quotes About Grandparents and Legacy to Honor Your Roots,"Discover 150 heartwarming quotes about grandparents and the power of family legacy. From wise grandfathers to loving grandmothers, find the perfect words to honor your heritage.",0,7,0,5,1,3,60,177
quotes-about-gratitude-and-happiness,quotes-about-gratitude-and-happiness,150 Gratitude and Happiness Quotes to Brighten Your Life,Discover 150 powerful quotes about gratitude and happiness. Learn how cultivating a thankful heart leads to a more joyful and fulfilling life today.,0,10,0,4,2,3,56,148
quotes-about-gratitude-for-family,quotes-about-gratitude-for-family,150 Heartfelt Quotes About Gratitude for Friends and Family,Discover 150 powerful quotes about gratitude for friends and family. Express your appreciation for the people who matter most with these inspiring words.,0,7,0,6,1,3,59,153
quotes-about-happiness-and-peace,quotes-about-happiness-and-peace,150 Quotes About Happiness and Peace to Find Your Inner Calm,Discover 150 powerful quotes about happiness and peace to help you find inner calm and daily joy. Perfect for moments when you need a reminder to breathe and smile.,0,7,0,5,3,3,60,164
quotes-about-healthy-relationships,quotes-about-healthy-relationships,150 Quotes About Healthy Relationships to Build a Lasting Bond,"Discover 150 powerful quotes about healthy relationships. From communication and trust to mutual respect and growth, find the wisdom you need for a thriving partnership.",0,10,0,5,6,4,62,169
quotes-about-home-and-family,quotes-about-home-and-family,150 Quotes About Home and Family to Warm Your Heart,"Discover 150 heartwarming quotes about home and family. From short sayings to deep wisdom, find the perfect words to celebrate the comfort and love of home.",0,7,0,3,4,4,51,156
quotes-about-humor-and-positivity,quotes-about-humor-and-positivity,150 Quotes About Humor and Positivity to Brighten Your Outlook,"Discover 150 powerful quotes about humor and positivity that will shift your perspective, lift your spirit, and remind you to laugh through life's challenges.",0,7,0,5,1,4,62,158
quotes-about-inner-peace,quotes-about-inner-peace,150 Quotes About Inner Peace to Quiet Your Mind and Find Calm,"Discover 150 powerful quotes about inner peace to help you find tranquility, reduce anxiety, and cultivate a calm mind amidst life's daily challenges.",0,8,0,8,5,6,61,150
quotes-about-joy-and-gratitude,quotes-about-joy-and-gratitude,150 Quotes About Joy and Gratitude for a More Meaningful Life,"Discover 150 powerful quotes about joy and gratitude. Learn how cultivating thankfulness can lead to a more joyful, fulfilled, and positive life every day.",0,10,0,8,3,3,61,155
quotes-about-laughter-and-joy,quotes-about-laughter-and-joy,150 Quotes About Laughter and Joy to Light Up Your Life,"Discover 150 powerful quotes about laughter and joy. From healing humor to heartfelt happiness, these words will remind you of life's greatest gifts.",0,7,0,7,1,4,55,149
quotes-about-learning-from-mistakes,quotes-about-learning-from-mistakes,150 Quotes About Learning from Mistakes to Help You Grow,Discover 150 powerful quotes about learning from mistakes. These words of wisdom will inspire you to embrace failure as a stepping stone to success and personal growth.,0,7,0,4,1,3,56,168
quotes-about-life-and-happiness,quotes-about-life-and-happiness,150 Quotes About Life and Happiness: Finding Daily Joy,Discover 150 powerful quotes about life and happiness that will remind you to find joy in every moment. Perfect for finding inspiration and inner peace.,0,10,0,3,9,3,54,152
quotes-about-life-changing-moments,quotes-about-life-changing-moments,150 Quotes About Life Changing Moments: Embrace New Chapters,"Discover 150 powerful quotes about life changing moments. Explore wisdom on transformation, pivotal decisions, and finding courage during major life shifts.",0,8,0,4,2,3,60,156
quotes-about-living-a-happy-life,quotes-about-living-a-happy-life,150 Quotes About Living a Happy Life to Inspire Your Journey,"Discover 150 powerful quotes about living a happy life. From finding inner peace to choosing joy every day, these words of wisdom will lift your spirit.",0,8,0,5,2,3,60,152
quotes-about-living-in-the-present,quotes-about-living-in-the-present,150 Quotes About Living in the Present for Daily Mindfulness,Discover 150 powerful quotes about living in the present. These words of wisdom on mindfulness and being in the now will help you find peace and mental clarity.,0,9,0,5,3,3,60,160
quotes-about-love-and-commitment,quotes-about-love-and-commitment,150 Quotes About Love and Commitment to Strengthen Your Bond,"Explore 150 powerful quotes about love and commitment. These inspiring words on loyalty and dedication will help you and your partner build a lasting, meaningful relationship.",0,9,0,4,2,3,60,175
quotes-about-love-and-forgiveness,quotes-about-love-and-forgiveness,150 Quotes About Love and Forgiveness to Heal Your Heart,Discover 150 powerful quotes about love and forgiveness that will help you heal your relationships and find inner peace. Perfect for moving forward with grace.,0,8,0,4,1,3,56,159
quotes-about-loyal-friends,quotes-about-loyal-friends,150 Quotes About Loyal Friends to Celebrate Your Inner Circle,"Discover 150 powerful loyal friend quotes that celebrate the beauty of unwavering friendship, trust, and staying power through life's ups and downs.",0,10,0,3,4,3,61,148
quotes-about-making-new-friends,quotes-about-making-new-friends,150 Quotes About Making New Friends and Building Connections,Discover 150 powerful quotes about making new friends. Find inspiration to open your heart and expand your circle with these courageous words.,0,7,0,3,1,3,60,142
quotes-about-meaning-and-purpose,quotes-about-meaning-and-purpose,150 Quotes About Meaning and Purpose to Ignite Your Inner Fire,"Discover 150 powerful quotes about meaning and purpose that will help you find your true north and live a more intentional, fulfilling life today.",0,8,0,4,2,4,62,146
quotes-about-mindful-living,quotes-about-mindful-living,150 Quotes About Mindful Living to Inspire Daily Presence,Discover 150 powerful mindful living quotes that will help you stay present and find peace. Perfect for anyone looking to embrace mindfulness in their daily life.,0,10,0,5,1,3,57,162
quotes-about-overcoming-fear,quotes-about-overcoming-fear,150 Quotes About Overcoming Fear to Reclaim Your Power,"Discover 150 powerful quotes about overcoming fear. From facing anxiety to finding inner strength, these words of wisdom will inspire you to move forward.",0,7,0,3,1,4,54,154
quotes-about-parents-and-family-values,quotes-about-parents-and-family-values,150 Quotes About Parents and Family Values to Cherish,Discover 150 heartfelt quotes about parents and family values. These powerful words celebrate the bond between parents and children and the importance of family roots.,0,7,0,4,6,3,53,167
quotes-about-positive-energy,quotes-about-positive-energy,150 Quotes About Positive Energy to Elevate Your Mindset,"Discover 150 powerful quotes about positive energy to lift your spirit, radiate good vibes, and transform your mindset for a more fulfilling life.",0,7,0,4,1,3,56,146
quotes-about-resilience-and-grit,quotes-about-resilience-and-grit,150 Quotes About Resilience and Grit to Build Mental Toughness,Discover 150 powerful quotes about resilience and grit to help you overcome adversity and build mental toughness. Perfect for staying motivated during tough times.,0,10,0,5,1,4,62,163
quotes-about-self-belief,quotes-about-self-belief,150 Quotes About Self-Belief to Unlock Your Full Potential,"Discover 150 powerful quotes about self-belief to boost your confidence, overcome doubt, and achieve your goals. Timeless wisdom to help you believe in yourself.",0,7,0,3,1,3,58,161
quotes-about-siblings-and-growing-up,quotes-about-siblings-and-growing-up,150 Quotes About Siblings and Growing Up to Celebrate Your Bond,"Discover 150 heartwarming, funny, and inspirational quotes about siblings and growing up together. Perfect for celebrating the unique bond between brothers and sisters.",0,8,0,4,3,3,63,168
quotes-about-simplicity-and-living-well,quotes-about-simplicity-and-living-well,150 Quotes About Simplicity and Living Well,"Discover 150 powerful quotes about simplicity and living well. From minimalist philosophy to slow living wisdom, find the inspiration to declutter your life and mind.",0,7,0,3,5,3,43,166
quotes-about-smiling-and-laughter,quotes-about-smiling-and-laughter,150 Quotes About Smiling and Laughter to Brighten Your Day,Discover 150 powerful quotes about smiling and laughter to lift your spirits. Celebrate life's brightest moments with the magic of a giggle and a smile.,0,9,0,3,3,3,58,152
quotes-about-stillness-and-silence,quotes-about-stillness-and-silence,150 Quotes About Stillness and Silence to Find Inner Peace,"Discover 150 powerful quotes about stillness and silence to help you find inner calm, clarity, and strength in a noisy world. Perfect for meditation and reflection.",0,8,0,5,1,3,58,164
quotes-about-strength-and-courage,quotes-about-strength-and-courage,150 Quotes About Strength and Courage to Fuel Your Resilience,Discover 150 powerful quotes about strength and courage to help you face challenges and find inner bravery. Perfect for difficult times and daily inspiration.,0,7,0,8,1,3,61,158
quotes-about-taking-risks,quotes-about-taking-risks,150 Quotes About Taking Risks to Conquer Your Fears,Discover 150 powerful quotes about taking risks that will inspire you to step out of your comfort zone and embrace new opportunities for growth and success.,0,7,0,7,1,4,51,156
quotes-about-time-and-priorities,quotes-about-time-and-priorities,150 Quotes About Time and Priorities to Help You Focus,Master your schedule and focus on what matters most with these 150 powerful quotes about time and priorities. Perfect for boosting productivity and finding balance.,0,7,0,4,1,4,54,164
quotes-about-true-friendship,quotes-about-true-friendship,150 Quotes About True Friendship to Celebrate Real Bonds,Discover 150 powerful quotes about true friendship that define loyalty and deep connection. Perfect for celebrating the people who stand by you through everything.,0,9,0,3,2,3,56,163
quotes-about-true-love-and-soulmates,quotes-about-true-love-and-soulmates,150 Quotes About True Love and Soulmates for Your Forever,"Discover 150 powerful quotes about true love and soulmates. From deep connections to finding your person, these words of wisdom capture the magic of real love.",0,8,0,5,1,5,57,159
relationship-quotes-about-trust,relationship-quotes-about-trust,150 Relationship Quotes About Trust and Respect,"Discover 150 powerful relationship quotes about trust and respect. These words of wisdom will help you build, heal, and maintain a deep connection with your partner.",0,9,0,3,13,3,47,165
romantic-quotes-to-share,romantic-quotes-to-share,150 Romantic Quotes to Share with Your Partner,"Discover 150 deeply romantic quotes to share with your partner. From literary classics to cinematic whispers, these words will help you express your deepest feelings.",0,7,0,6,8,7,46,166
sarcastic-quotes-with-a-clever-twist,sarcastic-quotes-with-a-clever-twist,150 Sarcastic Quotes with a Clever Twist to Spice Up Your Wit,"Discover 150 sarcastic quotes with a clever twist. From work and life to love and society, these witty sayings will sharpen your humor and brighten your day.",0,7,0,7,4,7,61,157
self-love-quotes-for-confidence,self-love-quotes-for-confidence,150 Self-Love Quotes for Confidence and Care,"Discover 150 powerful self-love quotes to boost your confidence, prioritize self-care, and embrace your worth. Perfect for daily inspiration and healing.",0,8,0,4,8,3,44,153
short-confidence-quotes,short-confidence-quotes,150 Short Confidence Quotes for Daily Boosts to Fuel Your Inner Strength,Discover 150 powerful short confidence quotes to boost your self-esteem and believe in yourself. Perfect for daily motivation and building unshakable inner strength.,0,7,0,5,1,3,72,165
short-family-quotes,short-family-quotes,150 Short Family Quotes for Photos and Captions,"Discover 150 short family quotes perfect for your photos and captions. From funny sayings to heartwarming one-liners, find the perfect words to share your love.",0,7,0,4,2,3,47,160
short-friendship-quotes,short-friendship-quotes,150 Short Friendship Quotes for Quick Messages,"Discover 150 short friendship quotes perfect for quick messages, texts, and captions. Express your appreciation for your best friends with these bite-sized words of wisdom.",0,7,0,5,3,4,46,172
short-friendship-quotes-for-texts,short-friendship-quotes-for-texts,150 Short Friendship Quotes for Texts to Send Your Bestie,"Discover 150 short friendship quotes perfect for quick texts, Instagram captions, and reminding your best friend how much they mean to you.",0,8,0,3,1,3,57,139
short-funny-quotes,short-funny-quotes,150 Short Funny Quotes for Quick Smiles,"Discover the best short funny quotes and witty one-liners to brighten your day. Perfect for quick laughs, social media captions, and instant mood boosts.",0,9,0,6,1,3,39,153
short-gratitude-quotes,short-gratitude-quotes,150 Short Gratitude Quotes for Daily Practice,"Boost your mood with 150 short gratitude quotes. Perfect for daily practice, journaling, or quick reminders to stay thankful for life's blessings.",0,8,0,10,1,4,45,146
short-happiness-quotes,short-happiness-quotes,150 Short Happiness Quotes for Daily Inspiration,"Discover 150 powerful short happiness quotes to brighten your day and lift your spirit. Perfect for quick inspiration, social captions, and daily motivation.",0,8,0,6,3,3,48,157
short-inspirational-quotes-with-big-impact,short-inspirational-quotes-with-big-impact,150 Short Inspirational Quotes with Big Impact,"Discover 150 powerful, short inspirational quotes with big impact. Perfect for daily motivation, strength, and a positive mindset when you need it most.",0,7,0,4,1,3,46,152
short-life-quotes-to-remember,short-life-quotes-to-remember,150 Short Life Quotes to Remember: Bite-Sized Wisdom for Daily Inspiration,"Discover 150 powerful short life quotes that pack a punch. From minimalist wisdom to deep insights, these brief sayings offer the perspective you need to live well.",0,7,0,5,1,3,74,164
short-love-quotes-for-quick-messages,short-love-quotes-for-quick-messages,150 Short Love Quotes for Quick Messages,"Discover 150 powerful short love quotes perfect for quick texts, cards, and daily reminders. These sweet, romantic, and deep messages will brighten your partner's day.",0,7,0,4,1,3,40,167
short-mindfulness-quotes,short-mindfulness-quotes,150 Short Mindfulness Quotes for Quick Calm,"Find instant peace with 150 short mindfulness quotes. Perfect for quick mental resets, reducing stress, and staying present during a busy day.",0,7,0,4,1,4,43,142
short-quotes-about-courage,short-quotes-about-courage,150 Short Quotes About Courage to Ignite Your Inner Strength,"Discover 150 short quotes about courage that will help you face your fears. From minimalist mantras to powerful wisdom, these bite-sized quotes provide instant bravery.",0,7,0,3,1,3,60,168
short-quotes-about-gratitude,short-quotes-about-gratitude,150 Short Quotes About Gratitude for Daily Inspiration,Discover 150 powerful short quotes about gratitude that will shift your perspective and help you find joy in the small things. Perfect for quick morning boosts.,0,10,0,6,1,4,54,160
short-quotes-about-happiness,short-quotes-about-happiness,150 Short Quotes About Happiness to Brighten Your Day,Discover 150 powerful short quotes about happiness that will shift your perspective and bring more joy to your daily life. Perfect for quick inspiration.,0,10,0,4,1,3,53,153
short-quotes-about-peace,short-quotes-about-peace,150 Short Quotes About Peace to Calm Your Mind,Discover 150 powerful short quotes about peace to quiet your mind and find inner tranquility. Perfect for daily inspiration and finding calm in a busy world.,0,7,0,4,1,3,46,157
short-quotes-about-success,short-quotes-about-success,150 Short Quotes About Success to Fuel Your Ambition,"Discover 150 short quotes about success that pack a punch. From minimalist mantras to powerful wisdom, these bite-sized quotes will keep you motivated and focused.",0,8,0,5,1,3,52,163
short-quotes-for-daily-inspiration,short-quotes-for-daily-inspiration,150 Short Quotes for Daily Inspiration to Fuel Your Soul,"Discover 150 short quotes for daily inspiration. These bite-sized words of wisdom will help you stay focused, positive, and motivated throughout your busy day.",0,11,0,7,3,3,56,159
short-success-quotes,short-success-quotes,150 Short Success Quotes for Daily Motivation,"Discover 150 short success quotes perfect for daily motivation. These powerful, bite-sized words of wisdom will inspire action and keep you focused on your goals.",0,9,0,2,22,3,45,162
standing-up-for-yourself,standing-up-for-yourself,150 Quotes About Standing Up for Yourself and Finding Your Voice,"Discover 150 powerful quotes about standing up for yourself, setting healthy boundaries, and finding the courage to speak your truth in any situation.",0,10,0,5,1,2,64,150
success-quotes-for-entrepreneurs,success-quotes-for-entrepreneurs,Success Quotes for Entrepreneurs and Founders to Inspire Growth,Discover powerful success quotes for entrepreneurs and founders who are building something from nothing. Get inspired by wisdom from visionaries who've walked the startup journey.,0,8,0,7,8,3,63,179
thankful-quotes-for-everyday-blessings,thankful-quotes-for-everyday-blessings,150 Thankful Quotes for Everyday Blessings,"Discover 150 powerful thankful quotes to help you appreciate the everyday blessings in your life. Perfect for finding peace, joy, and perspective.",0,9,0,5,4,5,42,146
winning-quotes-for-athletes,winning-quotes-for-athletes,150 Winning Quotes for Athletes and Competitors,"Discover 150 powerful winning quotes for athletes. Fuel your competitive spirit with wisdom from legends like Michael Jordan, Serena Williams, and Muhammad Ali.",0,7,0,5,1,3,47,160
wise-quotes-about-life-lessons,wise-quotes-about-life-lessons,150 Wise Quotes About Life Lessons: Wisdom for Growth,Discover 150 powerful wise quotes about life lessons to inspire personal growth and help you navigate life's challenges with grace.,0,8,0,4,15,5,53,131
witty-quotes-about-life,witty-quotes-about-life,155 Witty Quotes About Life to Sharpen Your Outlook,Discover 155 witty quotes about life that blend humor with profound wisdom. Perfect for a quick laugh and a fresh outlook on daily challenges.,0,8,0,5,5,3,51,142
